people_inside,total_tables,occupied_tables,people_entered,people_left,average_stay_minutes,wait_time
4,15,1,2,1,30,0
8,15,2,3,1,30,2
12,15,3,5,2,35,4
16,15,4,6,2,35,7
20,15,5,7,3,40,10
24,15,6,9,3,40,14
28,15,7,10,3,45,18
32,15,8,12,4,45,22
36,15,9,14,4,45,27
40,15,10,15,3,50,32
44,15,11,17,3,50,38
48,15,12,18,2,50,45
6,10,2,3,1,30,3
12,10,4,5,2,35,8
18,10,6,8,2,40,15
24,10,8,10,2,45,25
28,10,9,12,2,45,32
4,20,1,2,1,25,0
10,20,3,4,2,30,2
18,20,5,7,3,35,7
26,20,7,10,3,40,14
34,20,9,12,3,45,22
42,20,11,15,3,50,32